code,system
G573000,readv2
14AN.00,readv2
6A9..00,readv2
8HTy.00,readv2
7936A00,readv2
212R.00,readv2
G573400,readv2
9hF..00,readv2
8CMW200,readv2
G573500,readv2
G573300,readv2
9hF1.00,readv2
3272,readv2
G570300,readv2
G57y600,readv2
Gyu5a00,readv2
G572.00,readv2
I47.9,readv2
I49.4,readv2
R00.0,readv2
G56y000,readv2
G56..00,readv2
G56y.00,readv2
G56..11,readv2
G56zz00,readv2
9Os..00,readv2
662S.00,readv2
G576400,readv2
G570200,readv2
I49.2,readv2
G571.00,readv2
G571.11,readv2
G574.00,readv2
327..00,readv2
328..00,readv2
G574100,readv2
328Z.00,readv2
G574z00,readv2
G570z00,readv2
G570.00,readv2
3282,readv2
G576500,readv2
G57y900,readv2
I47.2,readv2
I47.1,readv2
I49.0,readv2
I49.3,readv2
G57..00,readv2
G57y.00,readv2
G57yz00,readv2
G57z.00,readv2
G57yA00,readv2
I47.0,readv2
9Os2.00,readv2
9Os0.00,readv2
9Os1.00,readv2
3273,readv2
14AR.00,readv2
G573600,readv2
G573z00,readv2
G573100,readv2
G573.00,readv2
I48,readv2
G55A.11,readv2
G559.00,readv2
G573200,readv2
G570100,readv2
G572z00,readv2
G572000,readv2
G570000,readv2
I47,readv2
9Os3.00,readv2
9Os4.00,readv2
G576300,readv2
I49.1,readv2
G57..11,readv2
G567400,readv2
I45.6,readv2
I49,readv2
I49.5,readv2